chroma_indexing_MiniLM,0.1654059886932373
chroma_indexing_MiniLM,0.1504669189453125
chroma_indexing_MiniLM,0.19868707656860352
chroma_indexing_MiniLM,0.16793084144592285
