chroma_query_InstructorXL,0.0024080276489257812
chroma_query_InstructorXL,0.2533688545227051
