chroma_query_InstructorXL,0.0024080276489257812
chroma_query_InstructorXL,0.2533688545227051
chroma_query_InstructorXL,1.0441608428955078
chroma_query_InstructorXL,0.40070605278015137
