chroma_indexing_MPNet,0.21647119522094727
chroma_indexing_MPNet,0.22670221328735352
chroma_indexing_MPNet,0.3141801357269287
