chroma_indexing_MiniLM,0.1654059886932373
chroma_indexing_MiniLM,0.1504669189453125
